asypupilline,emb_index,emb_0
0.0,0,0.019476602
1.0,1,0.09555376
2.0,2,0.058784198
3.0,3,-0.03698221
4.0,4,0.021861283
