asypupilline,emb_index,emb_0
0.0,0,-0.002427829
1.0,1,-0.035551153
2.0,2,0.03272518
3.0,3,-0.0067554116
4.0,4,-0.037234414
