headache,emb_index,emb_0
0.0,0,-7.806055
1.0,1,-0.2270111
2.0,2,0.1744312
