headache,emb_index,emb_0
0.0,0,0.046731587
1.0,1,-0.00842189
2.0,2,-0.02052384
