headache,emb_index,emb_0
0.0,0,0.0131679615
1.0,1,-0.0010066363
2.0,2,-0.0006405419
