asypupilline,emb_index,emb_0
0.0,0,-0.008815408
1.0,1,-0.030723024
2.0,2,-0.026396561
3.0,3,-0.04395617
4.0,4,0.041574605
