cat,cat_index,cat_0,cat_1,cat_2
Friday,0,0.10900904,0.057223637,0.0071855737
Monday,1,-0.042449906,-0.044816658,0.016860697
Saturday,2,-0.87354296,0.84790766,-0.9878937
Sunday,3,-0.99780273,0.8661712,-1.0148101
Thursday,4,-0.012243034,0.08250021,0.0026020873
Tuesday,5,-0.044685982,0.07765085,0.008877189
Wednesday,6,-0.028786598,-0.11986352,0.13755177
