iter	Logloss
0	0.5630901785
1	0.4688814612
