iter	MultiClass
0	1.05496757
1	1.018219197
2	0.9873623206
3	0.9603857531
4	0.939620274
5	0.9201020605
6	0.9034612416
7	0.8886635852
8	0.8747748194
9	0.8644293458
10	0.8532779781
11	0.8444710273
